round,mode,documents,evaluations,ns_per_doc,checksum
0,hash_ast,100000,1000000,46.2991,470000
0,slot_ast,100000,1000000,17.0202,470000
0,convert_then_slot,100000,1000000,36.3841,470000
1,slot_ast,100000,1000000,17.7591,470000
1,convert_then_slot,100000,1000000,33.7918,470000
1,hash_ast,100000,1000000,45.3782,470000
2,convert_then_slot,100000,1000000,35.2951,470000
2,hash_ast,100000,1000000,45.8105,470000
2,slot_ast,100000,1000000,18.3177,470000
3,hash_ast,100000,1000000,50.9094,470000
3,slot_ast,100000,1000000,17.2608,470000
3,convert_then_slot,100000,1000000,35.4154,470000
4,slot_ast,100000,1000000,18.7276,470000
4,convert_then_slot,100000,1000000,35.4632,470000
4,hash_ast,100000,1000000,49.8573,470000
5,convert_then_slot,100000,1000000,35.6293,470000
5,hash_ast,100000,1000000,46.9438,470000
5,slot_ast,100000,1000000,17.0204,470000
6,hash_ast,100000,1000000,45.3712,470000
6,slot_ast,100000,1000000,17.0431,470000
6,convert_then_slot,100000,1000000,36.0402,470000
7,slot_ast,100000,1000000,13.5698,470000
7,convert_then_slot,100000,1000000,32.4731,470000
7,hash_ast,100000,1000000,46.8453,470000
8,convert_then_slot,100000,1000000,36.1867,470000
8,hash_ast,100000,1000000,46.4953,470000
8,slot_ast,100000,1000000,13.6336,470000
9,hash_ast,100000,1000000,39.8446,470000
9,slot_ast,100000,1000000,13.6039,470000
9,convert_then_slot,100000,1000000,35.2994,470000
