scenario,strategy,resident,rejected,preempted,pending,urgent_admitted,nodes_used,cpu_used
packing,spread,2,1,0,0,false,2,8
packing,binpack,3,0,0,0,true,2,16
packing,preempt,3,0,1,0,true,2,16
packing,preempt-binpack,3,0,0,0,true,2,16
full_nodes,spread,2,1,0,0,false,2,16
full_nodes,binpack,2,1,0,0,false,2,16
full_nodes,preempt,2,0,1,1,true,2,16
full_nodes,preempt-binpack,2,0,1,1,true,2,16
packing_and_preemption,spread,3,2,0,0,false,2,10
packing_and_preemption,binpack,4,1,0,0,false,2,16
packing_and_preemption,preempt,3,1,1,1,true,2,12
packing_and_preemption,preempt-binpack,3,0,2,2,true,2,16
