scenario,documents,mode,repeat,passes,ns_per_document,documents_per_second,matches,index_checksum
full_rhs,1000,string_scalar,0,1000,144.361,6.92707e+06,612000,304470000
full_rhs,1000,enum_scalar,0,1000,48.1061,2.07874e+07,612000,304470000
full_rhs,1000,enum_batch,0,1000,44.4224,2.25112e+07,612000,304470000
full_rhs,1000,parse_enum_scalar,0,1000,1313.48,761336,612000,304470000
full_rhs,1000,enum_scalar,1,1000,47.2701,2.1155e+07,612000,304470000
full_rhs,1000,enum_batch,1,1000,41.5428,2.40716e+07,612000,304470000
full_rhs,1000,parse_enum_scalar,1,1000,1267.87,788727,612000,304470000
full_rhs,1000,string_scalar,1,1000,137.402,7.27791e+06,612000,304470000
full_rhs,1000,enum_batch,2,1000,39.5023,2.5315e+07,612000,304470000
full_rhs,1000,parse_enum_scalar,2,1000,1190.14,840236,612000,304470000
full_rhs,1000,string_scalar,2,1000,135.908,7.35793e+06,612000,304470000
full_rhs,1000,enum_scalar,2,1000,44.4551,2.24946e+07,612000,304470000
full_rhs,1000,parse_enum_scalar,3,1000,1177.74,849081,612000,304470000
full_rhs,1000,string_scalar,3,1000,136.593,7.32102e+06,612000,304470000
full_rhs,1000,enum_scalar,3,1000,44.7555,2.23436e+07,612000,304470000
full_rhs,1000,enum_batch,3,1000,40.2797,2.48264e+07,612000,304470000
full_rhs,1000,string_scalar,4,1000,133.09,7.51369e+06,612000,304470000
full_rhs,1000,enum_scalar,4,1000,44.8932,2.22751e+07,612000,304470000
full_rhs,1000,enum_batch,4,1000,39.6274,2.5235e+07,612000,304470000
full_rhs,1000,parse_enum_scalar,4,1000,1208.32,827596,612000,304470000
full_rhs,1000,enum_scalar,5,1000,47.5952,2.10105e+07,612000,304470000
full_rhs,1000,enum_batch,5,1000,43.1786,2.31596e+07,612000,304470000
full_rhs,1000,parse_enum_scalar,5,1000,1193.85,837628,612000,304470000
full_rhs,1000,string_scalar,5,1000,138.402,7.22535e+06,612000,304470000
full_rhs,1000,enum_batch,6,1000,38.8484,2.57411e+07,612000,304470000
full_rhs,1000,parse_enum_scalar,6,1000,1154.5,866179,612000,304470000
full_rhs,1000,string_scalar,6,1000,136.106,7.34721e+06,612000,304470000
full_rhs,1000,enum_scalar,6,1000,44.4021,2.25215e+07,612000,304470000
full_rhs,1000,parse_enum_scalar,7,1000,1147.64,871353,612000,304470000
full_rhs,1000,string_scalar,7,1000,136.027,7.35147e+06,612000,304470000
full_rhs,1000,enum_scalar,7,1000,44.4511,2.24967e+07,612000,304470000
full_rhs,1000,enum_batch,7,1000,38.342,2.6081e+07,612000,304470000
full_rhs,1000,string_scalar,8,1000,143.724,6.9578e+06,612000,304470000
full_rhs,1000,enum_scalar,8,1000,44.17,2.26398e+07,612000,304470000
full_rhs,1000,enum_batch,8,1000,38.4094,2.60353e+07,612000,304470000
full_rhs,1000,parse_enum_scalar,8,1000,1198.11,834648,612000,304470000
full_rhs,1000,enum_scalar,9,1000,47.1017,2.12306e+07,612000,304470000
full_rhs,1000,enum_batch,9,1000,42.2456,2.36711e+07,612000,304470000
full_rhs,1000,parse_enum_scalar,9,1000,1251.93,798764,612000,304470000
full_rhs,1000,string_scalar,9,1000,142.025,7.041e+06,612000,304470000
full_rhs,10000,string_scalar,0,100,134.849,7.41571e+06,601200,3004497000
full_rhs,10000,enum_scalar,0,100,45.5308,2.19631e+07,601200,3004497000
full_rhs,10000,enum_batch,0,100,41.1659,2.42919e+07,601200,3004497000
full_rhs,10000,parse_enum_scalar,0,100,1308.18,764420,601200,3004497000
full_rhs,10000,enum_scalar,1,100,45.585,2.1937e+07,601200,3004497000
full_rhs,10000,enum_batch,1,100,40.6629,2.45925e+07,601200,3004497000
full_rhs,10000,parse_enum_scalar,1,100,1216.96,821720,601200,3004497000
full_rhs,10000,string_scalar,1,100,149.561,6.68625e+06,601200,3004497000
full_rhs,10000,enum_batch,2,100,43.5483,2.2963e+07,601200,3004497000
full_rhs,10000,parse_enum_scalar,2,100,1260.69,793215,601200,3004497000
full_rhs,10000,string_scalar,2,100,142.929,6.99646e+06,601200,3004497000
full_rhs,10000,enum_scalar,2,100,47.1992,2.11868e+07,601200,3004497000
full_rhs,10000,parse_enum_scalar,3,100,1269.7,787586,601200,3004497000
full_rhs,10000,string_scalar,3,100,138.221,7.23477e+06,601200,3004497000
full_rhs,10000,enum_scalar,3,100,47.6435,2.09892e+07,601200,3004497000
full_rhs,10000,enum_batch,3,100,42.0883,2.37596e+07,601200,3004497000
full_rhs,10000,string_scalar,4,100,140.295,7.12784e+06,601200,3004497000
full_rhs,10000,enum_scalar,4,100,46.4839,2.15128e+07,601200,3004497000
full_rhs,10000,enum_batch,4,100,41.8606,2.38888e+07,601200,3004497000
full_rhs,10000,parse_enum_scalar,4,100,1238.46,807457,601200,3004497000
full_rhs,10000,enum_scalar,5,100,46.613,2.14532e+07,601200,3004497000
full_rhs,10000,enum_batch,5,100,38.6334,2.58843e+07,601200,3004497000
full_rhs,10000,parse_enum_scalar,5,100,1173.67,852030,601200,3004497000
full_rhs,10000,string_scalar,5,100,134.98,7.40852e+06,601200,3004497000
full_rhs,10000,enum_batch,6,100,39.8279,2.5108e+07,601200,3004497000
full_rhs,10000,parse_enum_scalar,6,100,1146.22,872431,601200,3004497000
full_rhs,10000,string_scalar,6,100,137.621,7.26633e+06,601200,3004497000
full_rhs,10000,enum_scalar,6,100,44.6488,2.2397e+07,601200,3004497000
full_rhs,10000,parse_enum_scalar,7,100,1146.17,872470,601200,3004497000
full_rhs,10000,string_scalar,7,100,137.059,7.29614e+06,601200,3004497000
full_rhs,10000,enum_scalar,7,100,44.2908,2.25781e+07,601200,3004497000
full_rhs,10000,enum_batch,7,100,40.3939,2.47562e+07,601200,3004497000
full_rhs,10000,string_scalar,8,100,137.41,7.2775e+06,601200,3004497000
full_rhs,10000,enum_scalar,8,100,44.4944,2.24747e+07,601200,3004497000
full_rhs,10000,enum_batch,8,100,40.3229,2.47998e+07,601200,3004497000
full_rhs,10000,parse_enum_scalar,8,100,1149.59,869872,601200,3004497000
full_rhs,10000,enum_scalar,9,100,47.0396,2.12587e+07,601200,3004497000
full_rhs,10000,enum_batch,9,100,41.672,2.39969e+07,601200,3004497000
full_rhs,10000,parse_enum_scalar,9,100,1262.6,792015,601200,3004497000
full_rhs,10000,string_scalar,9,100,148.869,6.7173e+06,601200,3004497000
full_rhs,100000,string_scalar,0,10,138.328,7.22919e+06,600120,30004499700
full_rhs,100000,enum_scalar,0,10,51.1045,1.95678e+07,600120,30004499700
full_rhs,100000,enum_batch,0,10,49.5769,2.01707e+07,600120,30004499700
full_rhs,100000,parse_enum_scalar,0,10,1198.63,834285,600120,30004499700
full_rhs,100000,enum_scalar,1,10,51.5015,1.94169e+07,600120,30004499700
full_rhs,100000,enum_batch,1,10,52.2613,1.91346e+07,600120,30004499700
full_rhs,100000,parse_enum_scalar,1,10,1171.79,853395,600120,30004499700
full_rhs,100000,string_scalar,1,10,145.469,6.87432e+06,600120,30004499700
full_rhs,100000,enum_batch,2,10,51.4936,1.94199e+07,600120,30004499700
full_rhs,100000,parse_enum_scalar,2,10,1177.46,849286,600120,30004499700
full_rhs,100000,string_scalar,2,10,139.47,7.16998e+06,600120,30004499700
full_rhs,100000,enum_scalar,2,10,50.1354,1.9946e+07,600120,30004499700
full_rhs,100000,parse_enum_scalar,3,10,1181.69,846248,600120,30004499700
full_rhs,100000,string_scalar,3,10,152.601,6.55305e+06,600120,30004499700
full_rhs,100000,enum_scalar,3,10,56.266,1.77727e+07,600120,30004499700
full_rhs,100000,enum_batch,3,10,51.3285,1.94823e+07,600120,30004499700
full_rhs,100000,string_scalar,4,10,156.698,6.38171e+06,600120,30004499700
full_rhs,100000,enum_scalar,4,10,56.4288,1.77214e+07,600120,30004499700
full_rhs,100000,enum_batch,4,10,50.6137,1.97575e+07,600120,30004499700
full_rhs,100000,parse_enum_scalar,4,10,1210.32,826226,600120,30004499700
full_rhs,100000,enum_scalar,5,10,50.7521,1.97036e+07,600120,30004499700
full_rhs,100000,enum_batch,5,10,44.117,2.2667e+07,600120,30004499700
full_rhs,100000,parse_enum_scalar,5,10,1142.26,875457,600120,30004499700
full_rhs,100000,string_scalar,5,10,140.113,7.13709e+06,600120,30004499700
full_rhs,100000,enum_batch,6,10,45.4041,2.20244e+07,600120,30004499700
full_rhs,100000,parse_enum_scalar,6,10,1183.49,844960,600120,30004499700
full_rhs,100000,string_scalar,6,10,152.303,6.56586e+06,600120,30004499700
full_rhs,100000,enum_scalar,6,10,55.9548,1.78716e+07,600120,30004499700
full_rhs,100000,parse_enum_scalar,7,10,1237.32,808196,600120,30004499700
full_rhs,100000,string_scalar,7,10,140.454,7.11976e+06,600120,30004499700
full_rhs,100000,enum_scalar,7,10,50.0496,1.99802e+07,600120,30004499700
full_rhs,100000,enum_batch,7,10,44.1129,2.26691e+07,600120,30004499700
full_rhs,100000,string_scalar,8,10,137.322,7.28216e+06,600120,30004499700
full_rhs,100000,enum_scalar,8,10,47.9078,2.08734e+07,600120,30004499700
full_rhs,100000,enum_batch,8,10,42.5895,2.348e+07,600120,30004499700
full_rhs,100000,parse_enum_scalar,8,10,1184.89,843963,600120,30004499700
full_rhs,100000,enum_scalar,9,10,51.4593,1.94328e+07,600120,30004499700
full_rhs,100000,enum_batch,9,10,45.1336,2.21564e+07,600120,30004499700
full_rhs,100000,parse_enum_scalar,9,10,1231.27,812170,600120,30004499700
full_rhs,100000,string_scalar,9,10,137.049,7.29668e+06,600120,30004499700
early_short_circuit,1000,string_scalar,0,1000,74.0842,1.34982e+07,153000,75888000
early_short_circuit,1000,enum_scalar,0,1000,29.29,3.41414e+07,153000,75888000
early_short_circuit,1000,enum_batch,0,1000,25.4176,3.93428e+07,153000,75888000
early_short_circuit,1000,parse_enum_scalar,0,1000,1253.9,797514,153000,75888000
early_short_circuit,1000,enum_scalar,1,1000,27.2624,3.66805e+07,153000,75888000
early_short_circuit,1000,enum_batch,1,1000,22.6948,4.4063e+07,153000,75888000
early_short_circuit,1000,parse_enum_scalar,1,1000,1155.48,865445,153000,75888000
early_short_circuit,1000,string_scalar,1,1000,71.7067,1.39457e+07,153000,75888000
early_short_circuit,1000,enum_batch,2,1000,24.6081,4.0637e+07,153000,75888000
early_short_circuit,1000,parse_enum_scalar,2,1000,1126.89,887401,153000,75888000
early_short_circuit,1000,string_scalar,2,1000,69.4529,1.43983e+07,153000,75888000
early_short_circuit,1000,enum_scalar,2,1000,27.2786,3.66587e+07,153000,75888000
early_short_circuit,1000,parse_enum_scalar,3,1000,1137.01,879497,153000,75888000
early_short_circuit,1000,string_scalar,3,1000,69.5813,1.43717e+07,153000,75888000
early_short_circuit,1000,enum_scalar,3,1000,27.0481,3.69712e+07,153000,75888000
early_short_circuit,1000,enum_batch,3,1000,23.9274,4.17932e+07,153000,75888000
early_short_circuit,1000,string_scalar,4,1000,68.0773,1.46892e+07,153000,75888000
early_short_circuit,1000,enum_scalar,4,1000,27.3115,3.66146e+07,153000,75888000
early_short_circuit,1000,enum_batch,4,1000,24.0902,4.15106e+07,153000,75888000
early_short_circuit,1000,parse_enum_scalar,4,1000,1112.03,899253,153000,75888000
early_short_circuit,1000,enum_scalar,5,1000,28.519,3.50643e+07,153000,75888000
early_short_circuit,1000,enum_batch,5,1000,23.9497,4.17543e+07,153000,75888000
early_short_circuit,1000,parse_enum_scalar,5,1000,1193.5,837873,153000,75888000
early_short_circuit,1000,string_scalar,5,1000,69.5675,1.43745e+07,153000,75888000
early_short_circuit,1000,enum_batch,6,1000,23.297,4.2924e+07,153000,75888000
early_short_circuit,1000,parse_enum_scalar,6,1000,1203.43,830959,153000,75888000
early_short_circuit,1000,string_scalar,6,1000,69.9197,1.43021e+07,153000,75888000
early_short_circuit,1000,enum_scalar,6,1000,27.9804,3.57393e+07,153000,75888000
early_short_circuit,1000,parse_enum_scalar,7,1000,1174.77,851228,153000,75888000
early_short_circuit,1000,string_scalar,7,1000,72.5925,1.37755e+07,153000,75888000
early_short_circuit,1000,enum_scalar,7,1000,29.7396,3.36252e+07,153000,75888000
early_short_circuit,1000,enum_batch,7,1000,25.059,3.99058e+07,153000,75888000
early_short_circuit,1000,string_scalar,8,1000,73.7167,1.35655e+07,153000,75888000
early_short_circuit,1000,enum_scalar,8,1000,29.7394,3.36254e+07,153000,75888000
early_short_circuit,1000,enum_batch,8,1000,25.1477,3.9765e+07,153000,75888000
early_short_circuit,1000,parse_enum_scalar,8,1000,1175.9,850414,153000,75888000
early_short_circuit,1000,enum_scalar,9,1000,29.996,3.33378e+07,153000,75888000
early_short_circuit,1000,enum_batch,9,1000,28.3255,3.53039e+07,153000,75888000
early_short_circuit,1000,parse_enum_scalar,9,1000,1133.39,882311,153000,75888000
early_short_circuit,1000,string_scalar,9,1000,69.0686,1.44784e+07,153000,75888000
early_short_circuit,10000,string_scalar,0,100,78.7003,1.27064e+07,150300,750898800
early_short_circuit,10000,enum_scalar,0,100,30.9683,3.22911e+07,150300,750898800
early_short_circuit,10000,enum_batch,0,100,27.6683,3.61424e+07,150300,750898800
early_short_circuit,10000,parse_enum_scalar,0,100,1179.19,848043,150300,750898800
early_short_circuit,10000,enum_scalar,1,100,28.0591,3.56391e+07,150300,750898800
early_short_circuit,10000,enum_batch,1,100,24.4763,4.08558e+07,150300,750898800
early_short_circuit,10000,parse_enum_scalar,1,100,1154.93,865852,150300,750898800
early_short_circuit,10000,string_scalar,1,100,68.7935,1.45363e+07,150300,750898800
early_short_circuit,10000,enum_batch,2,100,23.843,4.1941e+07,150300,750898800
early_short_circuit,10000,parse_enum_scalar,2,100,1146.41,872289,150300,750898800
early_short_circuit,10000,string_scalar,2,100,77.4852,1.29057e+07,150300,750898800
early_short_circuit,10000,enum_scalar,2,100,30.7375,3.25335e+07,150300,750898800
early_short_circuit,10000,parse_enum_scalar,3,100,1220.68,819213,150300,750898800
early_short_circuit,10000,string_scalar,3,100,75.4207,1.3259e+07,150300,750898800
early_short_circuit,10000,enum_scalar,3,100,29.9635,3.33739e+07,150300,750898800
early_short_circuit,10000,enum_batch,3,100,25.4457,3.92993e+07,150300,750898800
early_short_circuit,10000,string_scalar,4,100,75.5947,1.32284e+07,150300,750898800
early_short_circuit,10000,enum_scalar,4,100,30.4003,3.28944e+07,150300,750898800
early_short_circuit,10000,enum_batch,4,100,25.959,3.85223e+07,150300,750898800
early_short_circuit,10000,parse_enum_scalar,4,100,1246.43,802290,150300,750898800
early_short_circuit,10000,enum_scalar,5,100,31.6281,3.16175e+07,150300,750898800
early_short_circuit,10000,enum_batch,5,100,26.0623,3.83696e+07,150300,750898800
early_short_circuit,10000,parse_enum_scalar,5,100,1226.95,815027,150300,750898800
early_short_circuit,10000,string_scalar,5,100,73.7832,1.35532e+07,150300,750898800
early_short_circuit,10000,enum_batch,6,100,25.6936,3.89203e+07,150300,750898800
early_short_circuit,10000,parse_enum_scalar,6,100,1200.73,832824,150300,750898800
early_short_circuit,10000,string_scalar,6,100,69.7204,1.4343e+07,150300,750898800
early_short_circuit,10000,enum_scalar,6,100,27.4966,3.63681e+07,150300,750898800
early_short_circuit,10000,parse_enum_scalar,7,100,1163.4,859548,150300,750898800
early_short_circuit,10000,string_scalar,7,100,68.2678,1.46482e+07,150300,750898800
early_short_circuit,10000,enum_scalar,7,100,27.5534,3.62932e+07,150300,750898800
early_short_circuit,10000,enum_batch,7,100,23.7663,4.20764e+07,150300,750898800
early_short_circuit,10000,string_scalar,8,100,70.4746,1.41895e+07,150300,750898800
early_short_circuit,10000,enum_scalar,8,100,27.5823,3.62551e+07,150300,750898800
early_short_circuit,10000,enum_batch,8,100,25.9585,3.8523e+07,150300,750898800
early_short_circuit,10000,parse_enum_scalar,8,100,1176.56,849939,150300,750898800
early_short_circuit,10000,enum_scalar,9,100,27.8783,3.58702e+07,150300,750898800
early_short_circuit,10000,enum_batch,9,100,23.8952,4.18494e+07,150300,750898800
early_short_circuit,10000,parse_enum_scalar,9,100,1131.89,883481,150300,750898800
early_short_circuit,10000,string_scalar,9,100,71.1252,1.40597e+07,150300,750898800
early_short_circuit,100000,string_scalar,0,10,85.9386,1.16362e+07,150030,7500899880
early_short_circuit,100000,enum_scalar,0,10,40.2713,2.48316e+07,150030,7500899880
early_short_circuit,100000,enum_batch,0,10,34.2004,2.92394e+07,150030,7500899880
early_short_circuit,100000,parse_enum_scalar,0,10,1171.36,853707,150030,7500899880
early_short_circuit,100000,enum_scalar,1,10,34.8372,2.8705e+07,150030,7500899880
early_short_circuit,100000,enum_batch,1,10,27.6838,3.61222e+07,150030,7500899880
early_short_circuit,100000,parse_enum_scalar,1,10,1198.3,834519,150030,7500899880
early_short_circuit,100000,string_scalar,1,10,81.5375,1.22643e+07,150030,7500899880
early_short_circuit,100000,enum_batch,2,10,30.7125,3.256e+07,150030,7500899880
early_short_circuit,100000,parse_enum_scalar,2,10,1156.03,865031,150030,7500899880
early_short_circuit,100000,string_scalar,2,10,79.6418,1.25562e+07,150030,7500899880
early_short_circuit,100000,enum_scalar,2,10,38.8969,2.5709e+07,150030,7500899880
early_short_circuit,100000,parse_enum_scalar,3,10,1210.3,826239,150030,7500899880
early_short_circuit,100000,string_scalar,3,10,85.1911,1.17383e+07,150030,7500899880
early_short_circuit,100000,enum_scalar,3,10,34.4918,2.89924e+07,150030,7500899880
early_short_circuit,100000,enum_batch,3,10,28.5453,3.50321e+07,150030,7500899880
early_short_circuit,100000,string_scalar,4,10,75.501,1.32448e+07,150030,7500899880
early_short_circuit,100000,enum_scalar,4,10,33.6154,2.97482e+07,150030,7500899880
early_short_circuit,100000,enum_batch,4,10,28.3624,3.5258e+07,150030,7500899880
early_short_circuit,100000,parse_enum_scalar,4,10,1125.97,888121,150030,7500899880
early_short_circuit,100000,enum_scalar,5,10,32.8266,3.04631e+07,150030,7500899880
early_short_circuit,100000,enum_batch,5,10,28.0551,3.56441e+07,150030,7500899880
early_short_circuit,100000,parse_enum_scalar,5,10,1119.24,893462,150030,7500899880
early_short_circuit,100000,string_scalar,5,10,76.3062,1.31051e+07,150030,7500899880
early_short_circuit,100000,enum_batch,6,10,27.6624,3.61501e+07,150030,7500899880
early_short_circuit,100000,parse_enum_scalar,6,10,1119.58,893196,150030,7500899880
early_short_circuit,100000,string_scalar,6,10,76.1502,1.31319e+07,150030,7500899880
early_short_circuit,100000,enum_scalar,6,10,34.2503,2.91968e+07,150030,7500899880
early_short_circuit,100000,parse_enum_scalar,7,10,1171.47,853627,150030,7500899880
early_short_circuit,100000,string_scalar,7,10,75.9274,1.31705e+07,150030,7500899880
early_short_circuit,100000,enum_scalar,7,10,33.2563,3.00695e+07,150030,7500899880
early_short_circuit,100000,enum_batch,7,10,27.9618,3.5763e+07,150030,7500899880
early_short_circuit,100000,string_scalar,8,10,74.8433,1.33613e+07,150030,7500899880
early_short_circuit,100000,enum_scalar,8,10,32.9436,3.03549e+07,150030,7500899880
early_short_circuit,100000,enum_batch,8,10,27.7956,3.59769e+07,150030,7500899880
early_short_circuit,100000,parse_enum_scalar,8,10,1120.21,892687,150030,7500899880
early_short_circuit,100000,enum_scalar,9,10,33.755,2.96253e+07,150030,7500899880
early_short_circuit,100000,enum_batch,9,10,32.7437,3.05402e+07,150030,7500899880
early_short_circuit,100000,parse_enum_scalar,9,10,1269.64,787624,150030,7500899880
early_short_circuit,100000,string_scalar,9,10,86.082,1.16168e+07,150030,7500899880
