mode,repeat,iterations,ns_per_operation,checksum
cached_ast,0,100000,102.316,60012
cached_ast,1,100000,95.5344,60012
cached_ast,2,100000,95.6461,60012
cached_ast,3,100000,96.9569,60012
cached_ast,4,100000,99.2241,60012
cached_ast,5,100000,104.512,60012
cached_ast,6,100000,101.037,60012
cached_ast,7,100000,97.6456,60012
cached_ast,8,100000,104.055,60012
cached_ast,9,100000,99.7394,60012
parse_and_evaluate,0,100000,1159.16,60012
parse_and_evaluate,1,100000,1166.17,60012
parse_and_evaluate,2,100000,1165.73,60012
parse_and_evaluate,3,100000,1238.29,60012
parse_and_evaluate,4,100000,1147.28,60012
parse_and_evaluate,5,100000,1148.82,60012
parse_and_evaluate,6,100000,1171.37,60012
parse_and_evaluate,7,100000,1156.03,60012
parse_and_evaluate,8,100000,1189.68,60012
parse_and_evaluate,9,100000,1149.23,60012
